,seq_len,pt_seq_p95,pt_token_p95,v_onnx_seq_p95,v_onnx_token_p95,io_improvement/pt(token)
0,8,181.8090200489678,20.201002227663086,140.41763679124415,15.601959643471572,"0    22.77
1    22.33
2    23.29
3    21.28
4    19.29
5    15.56
6    13.75
7     7.18
dtype: float64%"
1,16,233.91897849433008,17.993767576486928,181.6786719035008,13.975282454115447,"0    22.77
1    22.33
2    23.29
3    21.28
4    19.29
5    15.56
6    13.75
7     7.18
dtype: float64%"
2,32,667.2036724026839,18.03253168655902,511.80580839645694,13.83258941612046,"0    22.77
1    22.33
2    23.29
3    21.28
4    19.29
5    15.56
6    13.75
7     7.18
dtype: float64%"
3,64,1132.7491178912169,17.42690950601872,891.6657902562291,13.717935234711218,"0    22.77
1    22.33
2    23.29
3    21.28
4    19.29
5    15.56
6    13.75
7     7.18
dtype: float64%"
4,128,2583.9536319472245,18.32591228331365,2085.384368700761,14.789960061707525,"0    22.77
1    22.33
2    23.29
3    21.28
4    19.29
5    15.56
6    13.75
7     7.18
dtype: float64%"
5,256,3961.2243163042876,19.513420277361025,3345.0531832510023,16.47809449877341,"0    22.77
1    22.33
2    23.29
3    21.28
4    19.29
5    15.56
6    13.75
7     7.18
dtype: float64%"
6,510,4509.45691969755,21.371833742642416,3889.3575543399493,18.432974191184595,"0    22.77
1    22.33
2    23.29
3    21.28
4    19.29
5    15.56
6    13.75
7     7.18
dtype: float64%"
7,1018,2503.212072642782,23.615208232479077,2323.4475034500065,21.91931607028308,"0    22.77
1    22.33
2    23.29
3    21.28
4    19.29
5    15.56
6    13.75
7     7.18
dtype: float64%"
