,seq_len,pt_seq_p95,pt_token_p95,v_onnx_seq_p95,v_onnx_token_p95,io_improvement/pt(token)
0,8,112.18789190679672,12.465321322977413,97.25389535306022,10.805988372562245,"0    13.31
1    11.83
2     9.12
3     8.93
4     6.77
5     4.48
6    -1.49
7    -6.01
dtype: float64%"
1,16,154.70918540595449,11.900706569688806,136.409423956502,10.493032612038615,"0    13.31
1    11.83
2     9.12
3     8.93
4     6.77
5     4.48
6    -1.49
7    -6.01
dtype: float64%"
2,32,484.1702078920207,11.003868361182287,440.02980179939186,10.000677313622543,"0    13.31
1    11.83
2     9.12
3     8.93
4     6.77
5     4.48
6    -1.49
7    -6.01
dtype: float64%"
3,64,475.71518855838804,11.063143919962513,433.23719919353607,10.075283702175257,"0    13.31
1    11.83
2     9.12
3     8.93
4     6.77
5     4.48
6    -1.49
7    -6.01
dtype: float64%"
4,128,1582.3186463581806,10.76407242420531,1475.2506685545086,10.035718833704141,"0    13.31
1    11.83
2     9.12
3     8.93
4     6.77
5     4.48
6    -1.49
7    -6.01
dtype: float64%"
5,256,2251.998002402979,10.723800011442759,2151.1841976047435,10.243734274308302,"0    13.31
1    11.83
2     9.12
3     8.93
4     6.77
5     4.48
6    -1.49
7    -6.01
dtype: float64%"
6,510,2986.2617791433877,11.060228811642178,3030.714525248186,11.224868612030317,"0    13.31
1    11.83
2     9.12
3     8.93
4     6.77
5     4.48
6    -1.49
7    -6.01
dtype: float64%"
7,1018,4497.328121099417,11.502117956776003,4767.741086441674,12.193711218520907,"0    13.31
1    11.83
2     9.12
3     8.93
4     6.77
5     4.48
6    -1.49
7    -6.01
dtype: float64%"
