,seq_len,pt_seq_p95,pt_token_p95,v_onnx_seq_p95,v_onnx_token_p95,io_improvement/pt(token)
0,8,88.28610014461447,9.80956668273494,590.7788086500659,5.137207031739703,"0    47.63
1    22.63
2    42.11
3    45.88
4    36.50
dtype: float64%"
1,16,96.78554770580376,10.753949745089306,183.05102844387872,8.320501292903579,"0    47.63
1    22.63
2    42.11
3    45.88
4    36.50
dtype: float64%"
2,32,294.3627700013167,9.198836562541146,175.72196180553874,5.324907933501174,"0    47.63
1    22.63
2    42.11
3    45.88
4    36.50
dtype: float64%"
3,64,474.0771306962415,9.48154261392483,590.1574841991533,5.131804210427418,"0    47.63
1    22.63
2    42.11
3    45.88
4    36.50
dtype: float64%"
4,513,1080.8827866945649,9.39898075386578,686.3547874010692,5.968302499139732,"0    47.63
1    22.63
2    42.11
3    45.88
4    36.50
dtype: float64%"
